date,ticker,close_px
2021-01-04,SPY,368.79
2021-01-04,VIX,26.97
2021-01-05,SPY,371.33
2021-01-05,VIX,25.34
2021-01-06,SPY,373.55
2021-01-06,VIX,25.07
2021-01-07,SPY,379.1
2021-01-07,VIX,22.37
2021-01-08,SPY,381.26
2021-01-08,VIX,21.56
2021-01-11,SPY,378.69
2021-01-11,VIX,24.08
2021-01-12,SPY,378.77
2021-01-12,VIX,23.33
2021-01-13,SPY,379.79
2021-01-13,VIX,22.21
2021-01-14,SPY,378.46
2021-01-14,VIX,23.25
2021-01-15,SPY,375.7
2021-01-15,VIX,24.34
2021-01-19,SPY,378.65
2021-01-19,VIX,23.24
2021-01-20,SPY,383.89
2021-01-20,VIX,21.58
2021-01-21,SPY,384.24
2021-01-21,VIX,21.32
2021-01-22,SPY,382.88
2021-01-22,VIX,21.91
2021-01-25,SPY,384.39
2021-01-25,VIX,23.19
2021-01-26,SPY,383.79
2021-01-26,VIX,23.02
2021-01-27,SPY,374.41
2021-01-27,VIX,37.21
2021-01-28,SPY,377.63
2021-01-28,VIX,30.21
2021-01-29,SPY,370.07
2021-01-29,VIX,33.09
2021-02-01,SPY,376.23
2021-02-01,VIX,30.24
2021-02-02,SPY,381.55
2021-02-02,VIX,25.56
2021-02-03,SPY,381.85
2021-02-03,VIX,22.91
2021-02-04,SPY,386.19
2021-02-04,VIX,21.77
2021-02-05,SPY,387.71
2021-02-05,VIX,20.87
2021-02-08,SPY,390.51
2021-02-08,VIX,21.24
2021-02-09,SPY,390.25
2021-02-09,VIX,21.63
2021-02-10,SPY,390.08
2021-02-10,VIX,21.99
2021-02-11,SPY,390.71
2021-02-11,VIX,21.25
2021-02-12,SPY,392.64
2021-02-12,VIX,19.97
2021-02-16,SPY,392.3
2021-02-16,VIX,21.46
2021-02-17,SPY,392.39
2021-02-17,VIX,21.5
2021-02-18,SPY,390.72
2021-02-18,VIX,22.49
2021-02-19,SPY,390.03
2021-02-19,VIX,22.05
2021-02-22,SPY,387.03
2021-02-22,VIX,23.45
2021-02-23,SPY,387.5
2021-02-23,VIX,23.11
2021-02-24,SPY,391.77
2021-02-24,VIX,21.34
2021-02-25,SPY,382.33
2021-02-25,VIX,28.89
2021-02-26,SPY,380.36
2021-02-26,VIX,27.95
2021-03-01,SPY,389.58
2021-03-01,VIX,23.35
2021-03-02,SPY,386.54
2021-03-02,VIX,24.1
2021-03-03,SPY,381.42
2021-03-03,VIX,26.67
2021-03-04,SPY,376.7
2021-03-04,VIX,28.57
2021-03-05,SPY,383.63
2021-03-05,VIX,24.66
2021-03-08,SPY,381.72
2021-03-08,VIX,25.47
2021-03-09,SPY,387.17
2021-03-09,VIX,24.03
2021-03-10,SPY,389.58
2021-03-10,VIX,22.56
2021-03-11,SPY,393.53
2021-03-11,VIX,21.91
2021-03-12,SPY,394.06
2021-03-12,VIX,20.69
2021-03-15,SPY,396.41
2021-03-15,VIX,20.03
2021-03-16,SPY,395.91
2021-03-16,VIX,19.79
2021-03-17,SPY,397.26
2021-03-17,VIX,19.23
2021-03-18,SPY,391.48
2021-03-18,VIX,21.58
2021-03-19,SPY,389.48
2021-03-19,VIX,20.95
2021-03-22,SPY,392.59
2021-03-22,VIX,18.88
2021-03-23,SPY,389.5
2021-03-23,VIX,20.3
2021-03-24,SPY,387.52
2021-03-24,VIX,21.2
2021-03-25,SPY,389.7
2021-03-25,VIX,19.81
2021-03-26,SPY,395.98
2021-03-26,VIX,18.86
2021-03-29,SPY,395.78
2021-03-29,VIX,20.74
2021-03-30,SPY,394.73
2021-03-30,VIX,19.61
2021-03-31,SPY,396.33
2021-03-31,VIX,19.4
2021-04-01,SPY,400.61
2021-04-01,VIX,17.33
2021-04-05,SPY,406.36
2021-04-05,VIX,17.91
2021-04-06,SPY,406.12
2021-04-06,VIX,18.12
2021-04-07,SPY,406.59
2021-04-07,VIX,17.16
2021-04-08,SPY,408.52
2021-04-08,VIX,16.95
2021-04-09,SPY,411.49
2021-04-09,VIX,16.69
2021-04-12,SPY,411.64
2021-04-12,VIX,16.91
2021-04-13,SPY,412.86
2021-04-13,VIX,16.65
2021-04-14,SPY,411.45
2021-04-14,VIX,16.99
2021-04-15,SPY,415.87
2021-04-15,VIX,16.57
2021-04-16,SPY,417.26
2021-04-16,VIX,16.25
2021-04-19,SPY,415.21
2021-04-19,VIX,17.29
2021-04-20,SPY,412.17
2021-04-20,VIX,18.68
2021-04-21,SPY,416.07
2021-04-21,VIX,17.5
2021-04-22,SPY,412.27
2021-04-22,VIX,18.71
2021-04-23,SPY,416.74
2021-04-23,VIX,17.33
2021-04-26,SPY,417.61
2021-04-26,VIX,17.64
2021-04-27,SPY,417.52
2021-04-27,VIX,17.56
2021-04-28,SPY,417.4
2021-04-28,VIX,17.28
2021-04-29,SPY,420.06
2021-04-29,VIX,17.61
2021-04-30,SPY,417.3
2021-04-30,VIX,18.61
2021-05-03,SPY,418.2
2021-05-03,VIX,18.31
2021-05-04,SPY,415.62
2021-05-04,VIX,19.48
2021-05-05,SPY,415.75
2021-05-05,VIX,19.15
2021-05-06,SPY,419.07
2021-05-06,VIX,18.39
2021-05-07,SPY,422.12
2021-05-07,VIX,16.69
2021-05-10,SPY,417.94
2021-05-10,VIX,19.66
2021-05-11,SPY,414.21
2021-05-11,VIX,21.84
2021-05-12,SPY,405.41
2021-05-12,VIX,27.59
2021-05-13,SPY,410.28
2021-05-13,VIX,23.13
2021-05-14,SPY,416.58
2021-05-14,VIX,18.81
2021-05-17,SPY,415.52
2021-05-17,VIX,19.72
2021-05-18,SPY,411.94
2021-05-18,VIX,21.34
2021-05-19,SPY,410.86
2021-05-19,VIX,22.18
2021-05-20,SPY,415.28
2021-05-20,VIX,20.67
2021-05-21,SPY,414.94
2021-05-21,VIX,20.15
2021-05-24,SPY,419.17
2021-05-24,VIX,18.4
2021-05-25,SPY,418.24
2021-05-25,VIX,18.84
2021-05-26,SPY,419.07
2021-05-26,VIX,17.36
2021-05-27,SPY,419.29
2021-05-27,VIX,16.74
2021-05-28,SPY,420.04
2021-05-28,VIX,16.76
2021-06-01,SPY,419.67
2021-06-01,VIX,17.9
2021-06-02,SPY,420.33
2021-06-02,VIX,17.48
2021-06-03,SPY,418.77
2021-06-03,VIX,18.04
2021-06-04,SPY,422.6
2021-06-04,VIX,16.42
2021-06-07,SPY,422.19
2021-06-07,VIX,16.42
2021-06-08,SPY,422.28
2021-06-08,VIX,17.07
2021-06-09,SPY,421.65
2021-06-09,VIX,17.89
2021-06-10,SPY,423.61
2021-06-10,VIX,16.1
2021-06-11,SPY,424.31
2021-06-11,VIX,15.65
2021-06-14,SPY,425.26
2021-06-14,VIX,16.39
2021-06-15,SPY,424.48
2021-06-15,VIX,17.02
2021-06-16,SPY,422.11
2021-06-16,VIX,18.15
2021-06-17,SPY,421.97
2021-06-17,VIX,17.75
2021-06-18,SPY,414.92
2021-06-18,VIX,20.7
2021-06-21,SPY,420.86
2021-06-21,VIX,17.89
2021-06-22,SPY,423.11
2021-06-22,VIX,16.66
2021-06-23,SPY,422.6
2021-06-23,VIX,16.32
2021-06-24,SPY,425.1
2021-06-24,VIX,15.97
2021-06-25,SPY,426.61
2021-06-25,VIX,15.62
2021-06-28,SPY,427.47
2021-06-28,VIX,15.76
2021-06-29,SPY,427.7
2021-06-29,VIX,16.02
2021-06-30,SPY,428.06
2021-06-30,VIX,15.83
2021-07-01,SPY,430.43
2021-07-01,VIX,15.48
2021-07-02,SPY,433.72
2021-07-02,VIX,15.07
2021-07-06,SPY,432.93
2021-07-06,VIX,16.44
2021-07-07,SPY,434.46
2021-07-07,VIX,16.2
2021-07-08,SPY,430.92
2021-07-08,VIX,19.0
2021-07-09,SPY,435.52
2021-07-09,VIX,16.18
2021-07-12,SPY,437.08
2021-07-12,VIX,16.17
2021-07-13,SPY,435.59
2021-07-13,VIX,17.12
2021-07-14,SPY,436.24
2021-07-14,VIX,16.33
2021-07-15,SPY,434.75
2021-07-15,VIX,17.01
2021-07-16,SPY,431.34
2021-07-16,VIX,18.45
2021-07-19,SPY,424.97
2021-07-19,VIX,22.5
2021-07-20,SPY,431.06
2021-07-20,VIX,19.73
2021-07-21,SPY,434.55
2021-07-21,VIX,17.91
2021-07-22,SPY,435.46
2021-07-22,VIX,17.69
2021-07-23,SPY,439.94
2021-07-23,VIX,17.2
2021-07-26,SPY,441.02
2021-07-26,VIX,17.58
2021-07-27,SPY,439.01
2021-07-27,VIX,19.36
2021-07-28,SPY,438.83
2021-07-28,VIX,18.31
2021-07-29,SPY,440.65
2021-07-29,VIX,17.7
2021-07-30,SPY,438.51
2021-07-30,VIX,18.24
2021-08-02,SPY,437.59
2021-08-02,VIX,19.46
2021-08-03,SPY,441.15
2021-08-03,VIX,18.04
2021-08-04,SPY,438.98
2021-08-04,VIX,17.97
2021-08-05,SPY,441.76
2021-08-05,VIX,17.28
2021-08-06,SPY,442.49
2021-08-06,VIX,16.15
2021-08-09,SPY,442.13
2021-08-09,VIX,16.72
2021-08-10,SPY,442.68
2021-08-10,VIX,16.79
2021-08-11,SPY,443.78
2021-08-11,VIX,16.06
2021-08-12,SPY,445.11
2021-08-12,VIX,15.59
2021-08-13,SPY,445.92
2021-08-13,VIX,15.45
2021-08-16,SPY,446.97
2021-08-16,VIX,16.12
2021-08-17,SPY,444.04
2021-08-17,VIX,17.91
2021-08-18,SPY,439.18
2021-08-18,VIX,21.57
2021-08-19,SPY,439.86
2021-08-19,VIX,21.67
2021-08-20,SPY,443.36
2021-08-20,VIX,18.56
2021-08-23,SPY,447.26
2021-08-23,VIX,17.15
2021-08-24,SPY,447.97
2021-08-24,VIX,17.22
2021-08-25,SPY,448.91
2021-08-25,VIX,16.79
2021-08-26,SPY,446.26
2021-08-26,VIX,18.84
2021-08-27,SPY,450.25
2021-08-27,VIX,16.39
2021-08-30,SPY,452.23
2021-08-30,VIX,16.19
2021-08-31,SPY,451.56
2021-08-31,VIX,16.48
2021-09-01,SPY,451.8
2021-09-01,VIX,16.11
2021-09-02,SPY,453.19
2021-09-02,VIX,16.41
2021-09-03,SPY,453.08
2021-09-03,VIX,16.41
2021-09-07,SPY,451.46
2021-09-07,VIX,18.14
2021-09-08,SPY,450.91
2021-09-08,VIX,17.96
2021-09-09,SPY,448.98
2021-09-09,VIX,18.8
2021-09-10,SPY,445.44
2021-09-10,VIX,20.95
2021-09-13,SPY,446.58
2021-09-13,VIX,19.37
2021-09-14,SPY,444.17
2021-09-14,VIX,19.46
2021-09-15,SPY,447.88
2021-09-15,VIX,18.18
2021-09-16,SPY,447.17
2021-09-16,VIX,18.69
2021-09-17,SPY,441.4
2021-09-17,VIX,20.81
2021-09-20,SPY,434.04
2021-09-20,VIX,25.71
2021-09-21,SPY,433.63
2021-09-21,VIX,24.36
2021-09-22,SPY,437.86
2021-09-22,VIX,20.87
2021-09-23,SPY,443.18
2021-09-23,VIX,18.63
2021-09-24,SPY,443.91
2021-09-24,VIX,17.75
2021-09-27,SPY,442.64
2021-09-27,VIX,18.76
2021-09-28,SPY,433.72
2021-09-28,VIX,23.25
2021-09-29,SPY,434.45
2021-09-29,VIX,22.56
2021-09-30,SPY,429.14
2021-09-30,VIX,23.14
2021-10-01,SPY,434.24
2021-10-01,VIX,21.15
2021-10-04,SPY,428.64
2021-10-04,VIX,22.96
2021-10-05,SPY,433.1
2021-10-05,VIX,21.3
2021-10-06,SPY,434.9
2021-10-06,VIX,21.0
2021-10-07,SPY,438.66
2021-10-07,VIX,19.54
2021-10-08,SPY,437.86
2021-10-08,VIX,18.77
2021-10-11,SPY,434.69
2021-10-11,VIX,20.0
2021-10-12,SPY,433.62
2021-10-12,VIX,19.85
2021-10-13,SPY,435.18
2021-10-13,VIX,18.64
2021-10-14,SPY,442.5
2021-10-14,VIX,16.86
2021-10-15,SPY,445.87
2021-10-15,VIX,16.3
2021-10-18,SPY,447.19
2021-10-18,VIX,16.31
2021-10-19,SPY,450.64
2021-10-19,VIX,15.7
2021-10-20,SPY,452.41
2021-10-20,VIX,15.49
2021-10-21,SPY,453.59
2021-10-21,VIX,15.01
2021-10-22,SPY,453.12
2021-10-22,VIX,15.43
2021-10-25,SPY,455.55
2021-10-25,VIX,15.24
2021-10-26,SPY,455.96
2021-10-26,VIX,15.98
2021-10-27,SPY,453.94
2021-10-27,VIX,16.98
2021-10-28,SPY,458.32
2021-10-28,VIX,16.53
2021-10-29,SPY,459.25
2021-10-29,VIX,16.26
2021-11-01,SPY,460.04
2021-11-01,VIX,16.41
2021-11-02,SPY,461.9
2021-11-02,VIX,16.03
2021-11-03,SPY,464.72
2021-11-03,VIX,15.1
2021-11-04,SPY,466.91
2021-11-04,VIX,15.44
2021-11-05,SPY,468.53
2021-11-05,VIX,16.48
2021-11-08,SPY,468.93
2021-11-08,VIX,17.22
2021-11-09,SPY,467.38
2021-11-09,VIX,17.78
2021-11-10,SPY,463.62
2021-11-10,VIX,18.73
2021-11-11,SPY,463.77
2021-11-11,VIX,17.66
2021-11-12,SPY,467.27
2021-11-12,VIX,16.29
2021-11-15,SPY,467.43
2021-11-15,VIX,16.49
2021-11-16,SPY,469.28
2021-11-16,VIX,16.37
2021-11-17,SPY,468.14
2021-11-17,VIX,17.11
2021-11-18,SPY,469.73
2021-11-18,VIX,17.59
2021-11-19,SPY,468.89
2021-11-19,VIX,17.91
2021-11-22,SPY,467.57
2021-11-22,VIX,19.17
2021-11-23,SPY,468.19
2021-11-23,VIX,19.38
2021-11-24,SPY,469.44
2021-11-24,VIX,18.58
2021-11-26,SPY,458.97
2021-11-26,VIX,28.62
2021-11-29,SPY,464.6
2021-11-29,VIX,22.96
2021-11-30,SPY,455.56
2021-11-30,VIX,27.19
2021-12-01,SPY,450.5
2021-12-01,VIX,31.12
2021-12-02,SPY,457.4
2021-12-02,VIX,27.95
2021-12-03,SPY,453.42
2021-12-03,VIX,30.67
2021-12-06,SPY,458.79
2021-12-06,VIX,27.18
2021-12-07,SPY,468.28
2021-12-07,VIX,21.89
2021-12-08,SPY,469.52
2021-12-08,VIX,19.9
2021-12-09,SPY,466.35
2021-12-09,VIX,21.58
2021-12-10,SPY,470.74
2021-12-10,VIX,18.69
2021-12-13,SPY,466.57
2021-12-13,VIX,20.31
2021-12-14,SPY,463.36
2021-12-14,VIX,21.89
2021-12-15,SPY,470.6
2021-12-15,VIX,19.29
2021-12-16,SPY,466.45
2021-12-16,VIX,20.57
2021-12-17,SPY,459.87
2021-12-17,VIX,21.57
2021-12-20,SPY,454.98
2021-12-20,VIX,22.87
2021-12-21,SPY,463.06
2021-12-21,VIX,21.01
2021-12-22,SPY,467.69
2021-12-22,VIX,18.63
2021-12-23,SPY,470.6
2021-12-23,VIX,17.96
2021-12-27,SPY,477.26
2021-12-27,VIX,17.68
2021-12-28,SPY,476.87
2021-12-28,VIX,17.54
2021-12-29,SPY,477.48
2021-12-29,VIX,16.95
2021-12-30,SPY,476.16
2021-12-30,VIX,17.33
2021-12-31,SPY,474.96
2021-12-31,VIX,17.22
2022-01-03,SPY,477.71
2022-01-03,VIX,16.6
2022-01-04,SPY,477.55
2022-01-04,VIX,16.91
2022-01-05,SPY,468.38
2022-01-05,VIX,19.73
2022-01-06,SPY,467.94
2022-01-06,VIX,19.61
2022-01-07,SPY,466.09
2022-01-07,VIX,18.76
2022-01-10,SPY,465.51
2022-01-10,VIX,19.4
2022-01-11,SPY,469.75
2022-01-11,VIX,18.41
2022-01-12,SPY,471.02
2022-01-12,VIX,17.62
2022-01-13,SPY,464.53
2022-01-13,VIX,20.31
2022-01-14,SPY,464.72
2022-01-14,VIX,19.19
2022-01-18,SPY,456.49
2022-01-18,VIX,22.79
2022-01-19,SPY,451.75
2022-01-19,VIX,23.85
2022-01-20,SPY,446.75
2022-01-20,VIX,25.59
2022-01-21,SPY,437.98
2022-01-21,VIX,28.85
2022-01-24,SPY,439.84
2022-01-24,VIX,29.9
2022-01-25,SPY,434.47
2022-01-25,VIX,31.16
2022-01-26,SPY,433.38
2022-01-26,VIX,31.96
2022-01-27,SPY,431.24
2022-01-27,VIX,30.49
2022-01-28,SPY,441.95
2022-01-28,VIX,27.66
2022-01-31,SPY,449.91
2022-01-31,VIX,24.83
2022-02-01,SPY,452.95
2022-02-01,VIX,21.96
2022-02-02,SPY,457.35
2022-02-02,VIX,22.09
2022-02-03,SPY,446.6
2022-02-03,VIX,24.35
2022-02-04,SPY,448.7
2022-02-04,VIX,23.22
2022-02-07,SPY,447.26
2022-02-07,VIX,22.86
2022-02-08,SPY,450.94
2022-02-08,VIX,21.44
2022-02-09,SPY,457.54
2022-02-09,VIX,19.96
2022-02-10,SPY,449.32
2022-02-10,VIX,23.91
2022-02-11,SPY,440.46
2022-02-11,VIX,27.36
2022-02-14,SPY,439.02
2022-02-14,VIX,28.33
2022-02-15,SPY,446.1
2022-02-15,VIX,25.7
2022-02-16,SPY,446.6
2022-02-16,VIX,24.29
2022-02-17,SPY,437.06
2022-02-17,VIX,28.11
2022-02-18,SPY,434.23
2022-02-18,VIX,27.75
2022-02-22,SPY,429.57
2022-02-22,VIX,28.81
2022-02-23,SPY,421.95
2022-02-23,VIX,31.02
2022-02-24,SPY,428.3
2022-02-24,VIX,30.32
2022-02-25,SPY,437.75
2022-02-25,VIX,27.59
2022-02-28,SPY,436.63
2022-02-28,VIX,30.15
2022-03-01,SPY,429.98
2022-03-01,VIX,33.32
2022-03-02,SPY,437.89
2022-03-02,VIX,30.74
2022-03-03,SPY,435.71
2022-03-03,VIX,30.48
2022-03-04,SPY,432.17
2022-03-04,VIX,31.98
2022-03-07,SPY,419.43
2022-03-07,VIX,36.45
2022-03-08,SPY,416.25
2022-03-08,VIX,35.13
2022-03-09,SPY,427.41
2022-03-09,VIX,32.45
2022-03-10,SPY,425.48
2022-03-10,VIX,30.23
2022-03-11,SPY,420.07
2022-03-11,VIX,30.75
2022-03-14,SPY,417.0
2022-03-14,VIX,31.77
2022-03-15,SPY,426.17
2022-03-15,VIX,29.83
2022-03-16,SPY,435.62
2022-03-16,VIX,26.67
2022-03-17,SPY,441.07
2022-03-17,VIX,25.67
2022-03-18,SPY,444.52
2022-03-18,VIX,23.87
2022-03-21,SPY,444.39
2022-03-21,VIX,23.53
2022-03-22,SPY,449.59
2022-03-22,VIX,22.94
2022-03-23,SPY,443.8
2022-03-23,VIX,23.57
2022-03-24,SPY,450.49
2022-03-24,VIX,21.67
2022-03-25,SPY,452.69
2022-03-25,VIX,20.81
2022-03-28,SPY,455.91
2022-03-28,VIX,19.63
2022-03-29,SPY,461.55
2022-03-29,VIX,18.9
2022-03-30,SPY,458.7
2022-03-30,VIX,19.33
2022-03-31,SPY,451.64
2022-03-31,VIX,20.56
2022-04-01,SPY,452.92
2022-04-01,VIX,19.63
2022-04-04,SPY,456.8
2022-04-04,VIX,18.57
2022-04-05,SPY,451.03
2022-04-05,VIX,21.03
2022-04-06,SPY,446.52
2022-04-06,VIX,22.1
2022-04-07,SPY,448.77
2022-04-07,VIX,21.55
2022-04-08,SPY,447.57
2022-04-08,VIX,21.16
2022-04-11,SPY,439.92
2022-04-11,VIX,24.37
2022-04-12,SPY,438.29
2022-04-12,VIX,24.26
2022-04-13,SPY,443.31
2022-04-13,VIX,21.82
2022-04-14,SPY,437.79
2022-04-14,VIX,22.7
2022-04-18,SPY,437.97
2022-04-18,VIX,22.17
2022-04-19,SPY,445.04
2022-04-19,VIX,21.37
2022-04-20,SPY,444.71
2022-04-20,VIX,20.32
2022-04-21,SPY,438.06
2022-04-21,VIX,22.68
2022-04-22,SPY,426.04
2022-04-22,VIX,28.21
2022-04-25,SPY,428.51
2022-04-25,VIX,27.02
2022-04-26,SPY,416.1
2022-04-26,VIX,33.52
2022-04-27,SPY,417.27
2022-04-27,VIX,31.6
2022-04-28,SPY,427.81
2022-04-28,VIX,29.99
2022-04-29,SPY,412.0
2022-04-29,VIX,33.4
2022-05-02,SPY,414.48
2022-05-02,VIX,32.34
2022-05-03,SPY,416.38
2022-05-03,VIX,29.25
2022-05-04,SPY,429.06
2022-05-04,VIX,25.42
2022-05-05,SPY,413.81
2022-05-05,VIX,31.2
2022-05-06,SPY,411.34
2022-05-06,VIX,30.19
2022-05-09,SPY,398.17
2022-05-09,VIX,34.75
2022-05-10,SPY,399.09
2022-05-10,VIX,32.99
2022-05-11,SPY,392.75
2022-05-11,VIX,32.56
2022-05-12,SPY,392.34
2022-05-12,VIX,31.77
2022-05-13,SPY,401.72
2022-05-13,VIX,28.87
2022-05-16,SPY,400.09
2022-05-16,VIX,27.47
2022-05-17,SPY,408.32
2022-05-17,VIX,26.1
2022-05-18,SPY,391.86
2022-05-18,VIX,30.96
2022-05-19,SPY,389.46
2022-05-19,VIX,29.35
2022-05-20,SPY,389.63
2022-05-20,VIX,29.43
2022-05-23,SPY,396.92
2022-05-23,VIX,28.48
2022-05-24,SPY,393.89
2022-05-24,VIX,29.45
2022-05-25,SPY,397.37
2022-05-25,VIX,28.37
2022-05-26,SPY,405.31
2022-05-26,VIX,27.5
2022-05-27,SPY,415.26
2022-05-27,VIX,25.72
2022-05-30,VIX,26.54
2022-05-31,SPY,412.93
2022-05-31,VIX,26.19
2022-06-01,SPY,409.59
2022-06-01,VIX,25.69
2022-06-02,SPY,417.39
2022-06-02,VIX,24.72
2022-06-03,SPY,410.54
2022-06-03,VIX,24.79
2022-06-06,SPY,411.79
2022-06-06,VIX,25.07
2022-06-07,SPY,415.74
2022-06-07,VIX,24.02
2022-06-08,SPY,411.22
2022-06-08,VIX,23.96
2022-06-09,SPY,401.44
2022-06-09,VIX,26.09
2022-06-10,SPY,389.8
2022-06-10,VIX,27.75
2022-06-13,SPY,375.0
2022-06-13,VIX,34.02
2022-06-14,SPY,373.87
2022-06-14,VIX,32.69
2022-06-15,SPY,379.2
2022-06-15,VIX,29.62
2022-06-16,SPY,366.65
2022-06-16,VIX,32.95
2022-06-17,SPY,365.86
2022-06-17,VIX,31.13
2022-06-20,VIX,31.03
2022-06-21,SPY,375.07
2022-06-21,VIX,30.19
2022-06-22,SPY,374.39
2022-06-22,VIX,28.95
2022-06-23,SPY,378.06
2022-06-23,VIX,29.05
2022-06-24,SPY,390.08
2022-06-24,VIX,27.23
2022-06-27,SPY,388.59
2022-06-27,VIX,26.95
2022-06-28,SPY,380.65
2022-06-28,VIX,28.36
2022-06-29,SPY,380.34
2022-06-29,VIX,28.16
2022-06-30,SPY,377.25
2022-06-30,VIX,28.71
2022-07-01,SPY,381.24
2022-07-01,VIX,26.7
2022-07-04,VIX,27.53
2022-07-05,SPY,381.96
2022-07-05,VIX,27.54
2022-07-06,SPY,383.25
2022-07-06,VIX,26.73
2022-07-07,SPY,388.99
2022-07-07,VIX,26.08
2022-07-08,SPY,388.67
2022-07-08,VIX,24.64
2022-07-11,SPY,384.23
2022-07-11,VIX,26.17
2022-07-12,SPY,380.83
2022-07-12,VIX,27.29
2022-07-13,SPY,378.83
2022-07-13,VIX,26.82
2022-07-14,SPY,377.91
2022-07-14,VIX,26.4
2022-07-15,SPY,385.13
2022-07-15,VIX,24.23
2022-07-18,SPY,381.95
2022-07-18,VIX,25.3
2022-07-19,SPY,392.27
2022-07-19,VIX,24.5
2022-07-20,SPY,394.77
2022-07-20,VIX,23.88
2022-07-21,SPY,398.79
2022-07-21,VIX,23.11
2022-07-22,SPY,395.09
2022-07-22,VIX,23.03
2022-07-25,SPY,395.57
2022-07-25,VIX,23.36
2022-07-26,SPY,390.89
2022-07-26,VIX,24.69
2022-07-27,SPY,401.04
2022-07-27,VIX,23.24
2022-07-28,SPY,406.07
2022-07-28,VIX,22.33
2022-07-29,SPY,411.99
2022-07-29,VIX,21.33
2022-08-01,SPY,410.77
2022-08-01,VIX,22.84
2022-08-02,SPY,408.06
2022-08-02,VIX,23.93
2022-08-03,SPY,414.45
2022-08-03,VIX,21.95
2022-08-04,SPY,414.17
2022-08-04,VIX,21.44
2022-08-05,SPY,413.47
2022-08-05,VIX,21.15
2022-08-08,SPY,412.99
2022-08-08,VIX,21.29
2022-08-09,SPY,411.35
2022-08-09,VIX,21.77
2022-08-10,SPY,419.99
2022-08-10,VIX,19.74
2022-08-11,SPY,419.99
2022-08-11,VIX,20.2
2022-08-12,SPY,427.1
2022-08-12,VIX,19.53
2022-08-15,SPY,428.86
2022-08-15,VIX,19.95
2022-08-16,SPY,429.7
2022-08-16,VIX,19.69
2022-08-17,SPY,426.65
2022-08-17,VIX,19.9
2022-08-18,SPY,427.89
2022-08-18,VIX,19.56
2022-08-19,SPY,422.14
2022-08-19,VIX,20.6
2022-08-22,SPY,413.35
2022-08-22,VIX,23.8
2022-08-23,SPY,412.35
2022-08-23,VIX,24.11
2022-08-24,SPY,413.67
2022-08-24,VIX,22.82
2022-08-25,SPY,419.51
2022-08-25,VIX,21.78
2022-08-26,SPY,405.31
2022-08-26,VIX,25.56
2022-08-29,SPY,402.63
2022-08-29,VIX,26.21
2022-08-30,SPY,398.21
2022-08-30,VIX,26.21
2022-08-31,SPY,395.18
2022-08-31,VIX,25.87
2022-09-01,SPY,396.42
2022-09-01,VIX,25.56
2022-09-02,SPY,392.24
2022-09-02,VIX,25.47
2022-09-05,VIX,25.99
2022-09-06,SPY,390.76
2022-09-06,VIX,26.91
2022-09-07,SPY,397.78
2022-09-07,VIX,24.64
2022-09-08,SPY,400.38
2022-09-08,VIX,23.61
2022-09-09,SPY,406.6
2022-09-09,VIX,22.79
2022-09-12,SPY,410.97
2022-09-12,VIX,23.87
2022-09-13,SPY,393.1
2022-09-13,VIX,27.27
2022-09-14,SPY,394.6
2022-09-14,VIX,26.16
2022-09-15,SPY,390.12
2022-09-15,VIX,26.27
2022-09-16,SPY,385.56
2022-09-16,VIX,26.3
2022-09-19,SPY,388.55
2022-09-19,VIX,25.76
2022-09-20,SPY,384.09
2022-09-20,VIX,27.16
2022-09-21,SPY,377.39
2022-09-21,VIX,27.99
2022-09-22,SPY,374.22
2022-09-22,VIX,27.35
2022-09-23,SPY,367.95
2022-09-23,VIX,29.92
2022-09-26,SPY,364.31
2022-09-26,VIX,32.26
2022-09-27,SPY,363.38
2022-09-27,VIX,32.6
2022-09-28,SPY,370.53
2022-09-28,VIX,30.18
2022-09-29,SPY,362.79
2022-09-29,VIX,31.84
2022-09-30,SPY,357.18
2022-09-30,VIX,31.62
2022-10-03,SPY,366.61
2022-10-03,VIX,30.1
2022-10-04,SPY,377.97
2022-10-04,VIX,29.07
2022-10-05,SPY,377.09
2022-10-05,VIX,28.55
2022-10-06,SPY,373.2
2022-10-06,VIX,30.52
2022-10-07,SPY,362.79
2022-10-07,VIX,31.36
2022-10-10,SPY,360.02
2022-10-10,VIX,32.45
2022-10-11,SPY,357.74
2022-10-11,VIX,33.63
2022-10-12,SPY,356.56
2022-10-12,VIX,33.57
2022-10-13,SPY,365.97
2022-10-13,VIX,31.94
2022-10-14,SPY,357.63
2022-10-14,VIX,32.02
2022-10-17,SPY,366.82
2022-10-17,VIX,31.37
2022-10-18,SPY,371.13
2022-10-18,VIX,30.5
2022-10-19,SPY,368.5
2022-10-19,VIX,30.76
2022-10-20,SPY,365.41
2022-10-20,VIX,29.98
2022-10-21,SPY,374.29
2022-10-21,VIX,29.69
2022-10-24,SPY,378.87
2022-10-24,VIX,29.85
2022-10-25,SPY,384.92
2022-10-25,VIX,28.46
2022-10-26,SPY,382.02
2022-10-26,VIX,27.28
2022-10-27,SPY,379.98
2022-10-27,VIX,27.39
2022-10-28,SPY,389.02
2022-10-28,VIX,25.75
2022-10-31,SPY,386.21
2022-10-31,VIX,25.88
2022-11-01,SPY,384.52
2022-11-01,VIX,25.81
2022-11-02,SPY,374.87
2022-11-02,VIX,25.86
2022-11-03,SPY,371.01
2022-11-03,VIX,25.3
2022-11-04,SPY,376.35
2022-11-04,VIX,24.55
2022-11-07,SPY,379.95
2022-11-07,VIX,24.35
2022-11-08,SPY,382.0
2022-11-08,VIX,25.54
2022-11-09,SPY,374.13
2022-11-09,VIX,26.09
2022-11-10,SPY,394.69
2022-11-10,VIX,23.53
2022-11-11,SPY,398.51
2022-11-11,VIX,22.52
2022-11-14,SPY,395.12
2022-11-14,VIX,23.73
2022-11-15,SPY,398.49
2022-11-15,VIX,24.54
2022-11-16,SPY,395.45
2022-11-16,VIX,24.11
2022-11-17,SPY,394.24
2022-11-17,VIX,23.93
2022-11-18,SPY,396.03
2022-11-18,VIX,23.12
2022-11-21,SPY,394.59
2022-11-21,VIX,22.36
2022-11-22,SPY,399.9
2022-11-22,VIX,21.29
2022-11-23,SPY,402.42
2022-11-23,VIX,20.35
2022-11-24,VIX,20.42
2022-11-25,SPY,402.33
2022-11-25,VIX,20.5
2022-11-28,SPY,395.91
2022-11-28,VIX,22.21
2022-11-29,SPY,395.23
2022-11-29,VIX,21.89
2022-11-30,SPY,407.68
2022-11-30,VIX,20.58
2022-12-01,SPY,407.38
2022-12-01,VIX,19.84
2022-12-02,SPY,406.91
2022-12-02,VIX,19.06
2022-12-05,SPY,399.59
2022-12-05,VIX,20.75
2022-12-06,SPY,393.83
2022-12-06,VIX,22.17
2022-12-07,SPY,393.16
2022-12-07,VIX,22.68
2022-12-08,SPY,396.24
2022-12-08,VIX,22.29
2022-12-09,SPY,393.28
2022-12-09,VIX,22.83
2022-12-12,SPY,398.95
2022-12-12,VIX,25.0
2022-12-13,SPY,401.97
2022-12-13,VIX,22.55
2022-12-14,SPY,399.4
2022-12-14,VIX,21.14
2022-12-15,SPY,389.63
2022-12-15,VIX,22.83
2022-12-16,SPY,383.27
2022-12-16,VIX,22.62
2022-12-19,SPY,380.02
2022-12-19,VIX,22.42
2022-12-20,SPY,380.54
2022-12-20,VIX,21.48
2022-12-21,SPY,386.23
2022-12-21,VIX,20.07
2022-12-22,SPY,380.72
2022-12-22,VIX,21.97
2022-12-23,SPY,382.91
2022-12-23,VIX,20.87
2022-12-27,SPY,381.4
2022-12-27,VIX,21.65
2022-12-28,SPY,376.66
2022-12-28,VIX,22.14
2022-12-29,SPY,383.44
2022-12-29,VIX,21.44
2022-12-30,SPY,382.43
2022-12-30,VIX,21.67
2023-01-03,SPY,380.82
2023-01-03,VIX,22.9
2023-01-04,SPY,383.76
2023-01-04,VIX,22.01
2023-01-05,SPY,379.38
2023-01-05,VIX,22.46
2023-01-06,SPY,388.08
2023-01-06,VIX,21.13
2023-01-09,SPY,387.86
2023-01-09,VIX,21.97
2023-01-10,SPY,390.58
2023-01-10,VIX,20.58
2023-01-11,SPY,395.52
2023-01-11,VIX,21.09
2023-01-12,SPY,396.96
2023-01-12,VIX,18.83
2023-01-13,SPY,398.5
2023-01-13,VIX,18.35
2023-01-16,VIX,19.49
2023-01-17,SPY,397.77
2023-01-17,VIX,19.36
2023-01-18,SPY,391.49
2023-01-18,VIX,20.34
2023-01-19,SPY,388.64
2023-01-19,VIX,20.52
2023-01-20,SPY,395.88
2023-01-20,VIX,19.85
2023-01-23,SPY,400.63
2023-01-23,VIX,19.81
2023-01-24,SPY,400.2
2023-01-24,VIX,19.2
2023-01-25,SPY,400.35
2023-01-25,VIX,19.08
2023-01-26,SPY,404.75
2023-01-26,VIX,18.73
2023-01-27,SPY,405.68
2023-01-27,VIX,18.51
2023-01-30,SPY,400.59
2023-01-30,VIX,19.94
2023-01-31,SPY,406.48
2023-01-31,VIX,19.4
2023-02-01,SPY,410.8
2023-02-01,VIX,17.87
2023-02-02,SPY,416.78
2023-02-02,VIX,18.73
2023-02-03,SPY,412.35
2023-02-03,VIX,18.33
2023-02-06,SPY,409.83
2023-02-06,VIX,19.43
2023-02-07,SPY,415.19
2023-02-07,VIX,18.66
2023-02-08,SPY,410.65
2023-02-08,VIX,19.63
2023-02-09,SPY,407.09
2023-02-09,VIX,20.71
2023-02-10,SPY,408.04
2023-02-10,VIX,20.53
2023-02-13,SPY,412.83
2023-02-13,VIX,20.34
2023-02-14,SPY,412.64
2023-02-14,VIX,18.91
2023-02-15,SPY,413.98
2023-02-15,VIX,18.23
2023-02-16,SPY,408.28
2023-02-16,VIX,20.17
2023-02-17,SPY,407.26
2023-02-17,VIX,20.02
2023-02-20,VIX,21.23
2023-02-21,SPY,399.09
2023-02-21,VIX,22.87
2023-02-22,SPY,398.54
2023-02-22,VIX,22.29
2023-02-23,SPY,400.66
2023-02-23,VIX,21.14
2023-02-24,SPY,396.38
2023-02-24,VIX,21.67
2023-02-27,SPY,397.73
2023-02-27,VIX,20.95
2023-02-28,SPY,396.26
2023-02-28,VIX,20.7
2023-03-01,SPY,394.74
2023-03-01,VIX,20.58
2023-03-02,SPY,397.81
2023-03-02,VIX,19.59
2023-03-03,SPY,404.19
2023-03-03,VIX,18.49
2023-03-06,SPY,404.47
2023-03-06,VIX,18.61
2023-03-07,SPY,398.27
2023-03-07,VIX,19.59
2023-03-08,SPY,398.92
2023-03-08,VIX,19.11
2023-03-09,SPY,391.56
2023-03-09,VIX,22.61
2023-03-10,SPY,385.91
2023-03-10,VIX,24.8
2023-03-13,SPY,385.36
2023-03-13,VIX,26.52
2023-03-14,SPY,391.73
2023-03-14,VIX,23.73
2023-03-15,SPY,389.28
2023-03-15,VIX,26.14
2023-03-16,SPY,396.11
2023-03-16,VIX,22.99
2023-03-17,SPY,389.99
2023-03-17,VIX,25.51
2023-03-20,SPY,393.74
2023-03-20,VIX,24.15
2023-03-21,SPY,398.91
2023-03-21,VIX,21.38
2023-03-22,SPY,392.11
2023-03-22,VIX,22.26
2023-03-23,SPY,393.17
2023-03-23,VIX,22.61
2023-03-24,SPY,395.75
2023-03-24,VIX,21.74
2023-03-27,SPY,396.49
2023-03-27,VIX,20.6
2023-03-28,SPY,395.6
2023-03-28,VIX,19.97
2023-03-29,SPY,401.35
2023-03-29,VIX,19.12
2023-03-30,SPY,403.7
2023-03-30,VIX,19.02
2023-03-31,SPY,409.39
2023-03-31,VIX,18.7
2023-04-03,SPY,410.95
2023-04-03,VIX,18.55
2023-04-04,SPY,408.67
2023-04-04,VIX,19.0
2023-04-05,SPY,407.6
2023-04-05,VIX,19.08
2023-04-06,SPY,409.19
2023-04-06,VIX,18.4
2023-04-10,SPY,409.61
2023-04-10,VIX,18.97
2023-04-11,SPY,409.72
2023-04-11,VIX,19.1
2023-04-12,SPY,408.05
2023-04-12,VIX,19.09
2023-04-13,SPY,413.47
2023-04-13,VIX,17.8
2023-04-14,SPY,412.46
2023-04-14,VIX,17.07
2023-04-17,SPY,413.94
2023-04-17,VIX,16.95
2023-04-18,SPY,414.21
2023-04-18,VIX,16.83
2023-04-19,SPY,414.14
2023-04-19,VIX,16.46
2023-04-20,SPY,411.88
2023-04-20,VIX,17.17
2023-04-21,SPY,412.2
2023-04-21,VIX,16.77
2023-04-24,SPY,412.63
2023-04-24,VIX,16.89
2023-04-25,SPY,406.08
2023-04-25,VIX,18.76
2023-04-26,SPY,404.36
2023-04-26,VIX,18.84
2023-04-27,SPY,412.41
2023-04-27,VIX,17.03
2023-04-28,SPY,415.93
2023-04-28,VIX,15.78
2023-05-01,SPY,415.51
2023-05-01,VIX,16.08
2023-05-02,SPY,410.84
2023-05-02,VIX,17.78
2023-05-03,SPY,408.02
2023-05-03,VIX,18.34
2023-05-04,SPY,405.13
2023-05-04,VIX,20.09
2023-05-05,SPY,412.63
2023-05-05,VIX,17.19
2023-05-08,SPY,412.74
2023-05-08,VIX,16.98
2023-05-09,SPY,410.93
2023-05-09,VIX,17.71
2023-05-10,SPY,412.85
2023-05-10,VIX,16.94
2023-05-11,SPY,412.13
2023-05-11,VIX,16.93
2023-05-12,SPY,411.59
2023-05-12,VIX,17.03
2023-05-15,SPY,413.01
2023-05-15,VIX,17.12
2023-05-16,SPY,410.25
2023-05-16,VIX,17.99
2023-05-17,SPY,415.23
2023-05-17,VIX,16.87
2023-05-18,SPY,419.23
2023-05-18,VIX,16.05
2023-05-19,SPY,418.62
2023-05-19,VIX,16.81
2023-05-22,SPY,418.79
2023-05-22,VIX,17.21
2023-05-23,SPY,414.09
2023-05-23,VIX,18.53
2023-05-24,SPY,411.09
2023-05-24,VIX,20.03
2023-05-25,SPY,414.65
2023-05-25,VIX,19.14
2023-05-26,SPY,420.02
2023-05-26,VIX,17.95
2023-05-29,VIX,17.46
2023-05-30,SPY,420.18
2023-05-30,VIX,17.46
2023-05-31,SPY,417.85
2023-05-31,VIX,17.94
2023-06-01,SPY,421.82
2023-06-01,VIX,15.65
2023-06-02,SPY,427.92
2023-06-02,VIX,14.6
2023-06-05,SPY,427.1
2023-06-05,VIX,14.73
2023-06-06,SPY,428.03
2023-06-06,VIX,13.96
2023-06-07,SPY,426.55
2023-06-07,VIX,13.94
2023-06-08,SPY,429.13
2023-06-08,VIX,13.65
2023-06-09,SPY,429.9
2023-06-09,VIX,13.83
2023-06-12,SPY,433.8
2023-06-12,VIX,15.01
2023-06-13,SPY,436.66
2023-06-13,VIX,14.61
2023-06-14,SPY,437.18
2023-06-14,VIX,13.88
2023-06-15,SPY,442.6
2023-06-15,VIX,14.5
2023-06-16,SPY,439.46
2023-06-16,VIX,13.54
2023-06-19,VIX,14.19
2023-06-20,SPY,437.18
2023-06-20,VIX,13.88
2023-06-21,SPY,434.94
2023-06-21,VIX,13.2
2023-06-22,SPY,436.51
2023-06-22,VIX,12.91
2023-06-23,SPY,433.21
2023-06-23,VIX,13.44
2023-06-26,SPY,431.44
2023-06-26,VIX,14.25
2023-06-27,SPY,436.17
2023-06-27,VIX,13.74
2023-06-28,SPY,436.39
2023-06-28,VIX,13.43
2023-06-29,SPY,438.11
2023-06-29,VIX,13.54
2023-06-30,SPY,443.28
2023-06-30,VIX,13.59
2023-07-03,SPY,443.79
2023-07-03,VIX,13.57
2023-07-04,VIX,13.7
2023-07-05,SPY,443.13
2023-07-05,VIX,14.18
2023-07-06,SPY,439.66
2023-07-06,VIX,15.44
2023-07-07,SPY,438.55
2023-07-07,VIX,14.83
2023-07-10,SPY,439.66
2023-07-10,VIX,15.07
2023-07-11,SPY,442.46
2023-07-11,VIX,14.84
2023-07-12,SPY,446.02
2023-07-12,VIX,13.54
2023-07-13,SPY,449.56
2023-07-13,VIX,13.61
2023-07-14,SPY,449.28
2023-07-14,VIX,13.34
2023-07-17,SPY,450.84
2023-07-17,VIX,13.48
2023-07-18,SPY,454.19
2023-07-18,VIX,13.3
2023-07-19,SPY,455.2
2023-07-19,VIX,13.76
2023-07-20,SPY,452.18
2023-07-20,VIX,13.99
2023-07-21,SPY,452.18
2023-07-21,VIX,13.6
2023-07-24,SPY,454.2
2023-07-24,VIX,13.91
2023-07-25,SPY,455.44
2023-07-25,VIX,13.86
2023-07-26,SPY,455.51
2023-07-26,VIX,13.19
2023-07-27,SPY,452.49
2023-07-27,VIX,14.41
2023-07-28,SPY,456.92
2023-07-28,VIX,13.33
2023-07-31,SPY,457.79
2023-07-31,VIX,13.63
2023-08-01,SPY,456.48
2023-08-01,VIX,13.93
2023-08-02,SPY,450.13
2023-08-02,VIX,16.09
2023-08-03,SPY,448.84
2023-08-03,VIX,15.92
2023-08-04,SPY,446.81
2023-08-04,VIX,17.1
2023-08-07,SPY,450.71
2023-08-07,VIX,15.77
2023-08-08,SPY,448.75
2023-08-08,VIX,15.99
2023-08-09,SPY,445.75
2023-08-09,VIX,15.96
2023-08-10,SPY,445.91
2023-08-10,VIX,15.85
2023-08-11,SPY,445.65
2023-08-11,VIX,14.84
2023-08-14,SPY,448.11
2023-08-14,VIX,14.82
2023-08-15,SPY,442.89
2023-08-15,VIX,16.46
2023-08-16,SPY,439.64
2023-08-16,VIX,16.78
2023-08-17,SPY,436.29
2023-08-17,VIX,17.89
2023-08-18,SPY,436.5
2023-08-18,VIX,17.3
2023-08-21,SPY,439.34
2023-08-21,VIX,17.13
2023-08-22,SPY,438.15
2023-08-22,VIX,16.97
2023-08-23,SPY,443.03
2023-08-23,VIX,15.98
2023-08-24,SPY,436.89
2023-08-24,VIX,17.2
2023-08-25,SPY,439.97
2023-08-25,VIX,15.68
2023-08-28,SPY,442.76
2023-08-28,VIX,15.08
2023-08-29,SPY,449.16
2023-08-29,VIX,14.45
2023-08-30,SPY,451.01
2023-08-30,VIX,13.88
2023-08-31,SPY,450.35
2023-08-31,VIX,13.57
2023-09-01,SPY,451.19
2023-09-01,VIX,13.09
2023-09-04,VIX,13.82
2023-09-05,SPY,449.24
2023-09-05,VIX,14.01
2023-09-06,SPY,446.22
2023-09-06,VIX,14.45
2023-09-07,SPY,444.85
2023-09-07,VIX,14.4
2023-09-08,SPY,445.52
2023-09-08,VIX,13.84
2023-09-11,SPY,448.45
2023-09-11,VIX,13.8
2023-09-12,SPY,445.99
2023-09-12,VIX,14.23
2023-09-13,SPY,446.51
2023-09-13,VIX,13.48
2023-09-14,SPY,450.36
2023-09-14,VIX,12.82
2023-09-15,SPY,443.37
2023-09-15,VIX,13.79
2023-09-18,SPY,443.63
2023-09-18,VIX,14.0
2023-09-19,SPY,442.71
2023-09-19,VIX,14.11
2023-09-20,SPY,438.64
2023-09-20,VIX,15.14
2023-09-21,SPY,431.39
2023-09-21,VIX,17.54
2023-09-22,SPY,430.42
2023-09-22,VIX,17.2
2023-09-25,SPY,432.23
2023-09-25,VIX,16.9
2023-09-26,SPY,425.88
2023-09-26,VIX,18.94
2023-09-27,SPY,426.05
2023-09-27,VIX,18.22
2023-09-28,SPY,428.52
2023-09-28,VIX,17.34
2023-09-29,SPY,427.48
2023-09-29,VIX,17.52
2023-10-02,SPY,427.31
2023-10-02,VIX,17.61
2023-10-03,SPY,421.59
2023-10-03,VIX,19.78
2023-10-04,SPY,424.66
2023-10-04,VIX,18.58
2023-10-05,SPY,424.5
2023-10-05,VIX,18.49
2023-10-06,SPY,429.54
2023-10-06,VIX,17.45
2023-10-09,SPY,432.29
2023-10-09,VIX,17.7
2023-10-10,SPY,434.54
2023-10-10,VIX,17.03
2023-10-11,SPY,436.32
2023-10-11,VIX,16.09
2023-10-12,SPY,433.66
2023-10-12,VIX,16.69
2023-10-13,SPY,431.5
2023-10-13,VIX,19.32
2023-10-16,SPY,436.04
2023-10-16,VIX,17.21
2023-10-17,SPY,436.02
2023-10-17,VIX,17.88
2023-10-18,SPY,430.21
2023-10-18,VIX,19.22
2023-10-19,SPY,426.43
2023-10-19,VIX,21.4
2023-10-20,SPY,421.19
2023-10-20,VIX,21.71
2023-10-23,SPY,420.46
2023-10-23,VIX,20.37
2023-10-24,SPY,423.63
2023-10-24,VIX,18.97
2023-10-25,SPY,417.55
2023-10-25,VIX,20.19
2023-10-26,SPY,412.55
2023-10-26,VIX,20.68
2023-10-27,SPY,410.68
2023-10-27,VIX,21.27
2023-10-30,SPY,415.59
2023-10-30,VIX,19.75
2023-10-31,SPY,418.2
2023-10-31,VIX,18.14
2023-11-01,SPY,422.66
2023-11-01,VIX,16.87
2023-11-02,SPY,430.76
2023-11-02,VIX,15.66
2023-11-03,SPY,434.69
2023-11-03,VIX,14.91
2023-11-06,SPY,435.69
2023-11-06,VIX,14.89
2023-11-07,SPY,436.93
2023-11-07,VIX,14.81
2023-11-08,SPY,437.25
2023-11-08,VIX,14.45
2023-11-09,SPY,433.84
2023-11-09,VIX,15.29
2023-11-10,SPY,440.61
2023-11-10,VIX,14.17
2023-11-13,SPY,440.19
2023-11-13,VIX,14.76
2023-11-14,SPY,448.73
2023-11-14,VIX,14.16
2023-11-15,SPY,449.68
2023-11-15,VIX,14.18
2023-11-16,SPY,450.23
2023-11-16,VIX,14.32
2023-11-17,SPY,450.79
2023-11-17,VIX,13.8
2023-11-20,SPY,454.26
2023-11-20,VIX,13.41
2023-11-21,SPY,453.27
2023-11-21,VIX,13.35
2023-11-22,SPY,455.02
2023-11-22,VIX,12.85
2023-11-23,VIX,12.8
2023-11-24,SPY,455.3
2023-11-24,VIX,12.46
2023-11-27,SPY,454.48
2023-11-27,VIX,12.69
2023-11-28,SPY,454.93
2023-11-28,VIX,12.69
2023-11-29,SPY,454.61
2023-11-29,VIX,12.98
2023-11-30,SPY,456.4
2023-11-30,VIX,12.92
2023-12-01,SPY,459.1
2023-12-01,VIX,12.63
2023-12-04,SPY,456.69
2023-12-04,VIX,13.08
2023-12-05,SPY,456.6
2023-12-05,VIX,12.85
2023-12-06,SPY,454.76
2023-12-06,VIX,12.97
2023-12-07,SPY,458.23
2023-12-07,VIX,13.06
2023-12-08,SPY,460.2
2023-12-08,VIX,12.35
2023-12-11,SPY,461.99
2023-12-11,VIX,12.63
2023-12-12,SPY,464.1
2023-12-12,VIX,12.07
2023-12-13,SPY,470.5
2023-12-13,VIX,12.19
2023-12-14,SPY,472.01
2023-12-14,VIX,12.48
2023-12-15,SPY,469.33
2023-12-15,VIX,12.28
2023-12-18,SPY,471.97
2023-12-18,VIX,12.56
2023-12-19,SPY,474.84
2023-12-19,VIX,12.53
2023-12-20,SPY,468.26
2023-12-20,VIX,13.67
2023-12-21,SPY,472.7
2023-12-21,VIX,13.65
2023-12-22,SPY,473.65
2023-12-22,VIX,13.03
2023-12-26,SPY,475.65
2023-12-26,VIX,12.99
2023-12-27,SPY,476.51
2023-12-27,VIX,12.43
2023-12-28,SPY,476.69
2023-12-28,VIX,12.47
2023-12-29,SPY,475.31
2023-12-29,VIX,12.45
2024-01-02,SPY,472.65
2024-01-02,VIX,13.2
2024-01-03,SPY,468.79
2024-01-03,VIX,14.04
2024-01-04,SPY,467.28
2024-01-04,VIX,14.13
2024-01-05,SPY,467.92
2024-01-05,VIX,13.35
2024-01-08,SPY,474.6
2024-01-08,VIX,13.08
2024-01-09,SPY,473.88
2024-01-09,VIX,12.76
2024-01-10,SPY,476.56
2024-01-10,VIX,12.69
2024-01-11,SPY,476.35
2024-01-11,VIX,12.44
2024-01-12,SPY,476.68
2024-01-12,VIX,12.7
2024-01-15,VIX,13.25
2024-01-16,SPY,474.93
2024-01-16,VIX,13.84
2024-01-17,SPY,472.29
2024-01-17,VIX,14.79
2024-01-18,SPY,476.49
2024-01-18,VIX,14.13
2024-01-19,SPY,482.43
2024-01-19,VIX,13.3
2024-01-22,SPY,483.45
2024-01-22,VIX,13.19
2024-01-23,SPY,484.86
2024-01-23,VIX,12.55
2024-01-24,SPY,485.39
2024-01-24,VIX,13.14
2024-01-25,SPY,488.03
2024-01-25,VIX,13.45
2024-01-26,SPY,487.41
2024-01-26,VIX,13.26
2024-01-29,SPY,491.27
2024-01-29,VIX,13.6
2024-01-30,SPY,490.89
2024-01-30,VIX,13.31
2024-01-31,SPY,482.88
2024-01-31,VIX,14.35
2024-02-01,SPY,489.2
2024-02-01,VIX,13.88
2024-02-02,SPY,494.35
2024-02-02,VIX,13.85
2024-02-05,SPY,492.55
2024-02-05,VIX,13.67
2024-02-06,SPY,493.98
2024-02-06,VIX,13.06
2024-02-07,SPY,498.1
2024-02-07,VIX,12.83
2024-02-08,SPY,498.32
2024-02-08,VIX,12.79
2024-02-09,SPY,501.2
2024-02-09,VIX,12.93
2024-02-12,SPY,500.98
2024-02-12,VIX,13.93
2024-02-13,SPY,494.08
2024-02-13,VIX,15.85
2024-02-14,SPY,498.57
2024-02-14,VIX,14.38
2024-02-15,SPY,502.01
2024-02-15,VIX,14.01
2024-02-16,SPY,499.51
2024-02-16,VIX,14.24
2024-02-19,VIX,14.71
2024-02-20,SPY,496.76
2024-02-20,VIX,15.42
2024-02-21,SPY,497.21
2024-02-21,VIX,15.34
2024-02-22,SPY,507.5
2024-02-22,VIX,14.54
2024-02-23,SPY,507.85
2024-02-23,VIX,13.75
2024-02-26,SPY,505.99
2024-02-26,VIX,13.74
2024-02-27,SPY,506.93
2024-02-27,VIX,13.43
2024-02-28,SPY,506.26
2024-02-28,VIX,13.84
2024-02-29,SPY,508.08
2024-02-29,VIX,13.4
2024-03-01,SPY,512.85
2024-03-01,VIX,13.11
2024-03-04,SPY,512.3
2024-03-04,VIX,13.49
2024-03-05,SPY,507.18
2024-03-05,VIX,14.46
2024-03-06,SPY,509.75
2024-03-06,VIX,14.5
2024-03-07,SPY,514.81
2024-03-07,VIX,14.44
2024-03-08,SPY,511.72
2024-03-08,VIX,14.74
2024-03-11,SPY,511.28
2024-03-11,VIX,15.22
2024-03-12,SPY,516.78
2024-03-12,VIX,13.84
2024-03-13,SPY,515.97
2024-03-13,VIX,13.75
2024-03-14,SPY,514.95
2024-03-14,VIX,14.4
2024-03-15,SPY,509.83
2024-03-15,VIX,14.41
2024-03-18,SPY,512.86
2024-03-18,VIX,14.33
2024-03-19,SPY,515.71
2024-03-19,VIX,13.82
2024-03-20,SPY,520.48
2024-03-20,VIX,13.04
2024-03-21,SPY,522.2
2024-03-21,VIX,12.92
2024-03-22,SPY,521.21
2024-03-22,VIX,13.06
2024-03-25,SPY,519.77
2024-03-25,VIX,13.19
2024-03-26,SPY,518.81
2024-03-26,VIX,13.24
2024-03-27,SPY,523.17
2024-03-27,VIX,12.78
2024-03-28,SPY,523.07
2024-03-28,VIX,13.01
2024-04-01,SPY,522.16
2024-04-01,VIX,13.65
2024-04-02,SPY,518.84
2024-04-02,VIX,14.61
2024-04-03,SPY,519.41
2024-04-03,VIX,14.33
2024-04-04,SPY,513.07
2024-04-04,VIX,16.35
2024-04-05,SPY,518.43
2024-04-05,VIX,16.03
2024-04-08,SPY,518.72
2024-04-08,VIX,15.19
2024-04-09,SPY,519.32
2024-04-09,VIX,14.98
2024-04-10,SPY,514.12
2024-04-10,VIX,15.8
2024-04-11,SPY,518.0
2024-04-11,VIX,14.91
2024-04-12,SPY,510.85
2024-04-12,VIX,17.31
2024-04-15,SPY,504.45
2024-04-15,VIX,19.23
2024-04-16,SPY,503.53
2024-04-16,VIX,18.4
2024-04-17,SPY,500.55
2024-04-17,VIX,18.21
2024-04-18,SPY,499.52
2024-04-18,VIX,18.0
2024-04-19,SPY,495.16
2024-04-19,VIX,18.71
2024-04-22,SPY,499.72
2024-04-22,VIX,16.94
2024-04-23,SPY,505.65
2024-04-23,VIX,15.69
2024-04-24,SPY,505.41
2024-04-24,VIX,15.97
2024-04-25,SPY,503.49
2024-04-25,VIX,15.37
2024-04-26,SPY,508.26
2024-04-26,VIX,15.03
2024-04-29,SPY,510.06
2024-04-29,VIX,14.67
2024-04-30,SPY,501.98
2024-04-30,VIX,15.65
2024-05-01,SPY,500.35
2024-05-01,VIX,15.39
2024-05-02,SPY,505.03
2024-05-02,VIX,14.68
2024-05-03,SPY,511.29
2024-05-03,VIX,13.49
2024-05-06,SPY,516.57
2024-05-06,VIX,13.49
2024-05-07,SPY,517.14
2024-05-07,VIX,13.23
2024-05-08,SPY,517.19
2024-05-08,VIX,13.0
2024-05-09,SPY,520.17
2024-05-09,VIX,12.69
2024-05-10,SPY,520.84
2024-05-10,VIX,12.55
2024-05-13,SPY,520.91
2024-05-13,VIX,13.6
2024-05-14,SPY,523.3
2024-05-14,VIX,13.42
2024-05-15,SPY,529.78
2024-05-15,VIX,12.45
2024-05-16,SPY,528.69
2024-05-16,VIX,12.42
2024-05-17,SPY,529.45
2024-05-17,VIX,11.99
2024-05-20,SPY,530.06
2024-05-20,VIX,12.15
2024-05-21,SPY,531.36
2024-05-21,VIX,11.86
2024-05-22,SPY,529.83
2024-05-22,VIX,12.29
2024-05-23,SPY,525.96
2024-05-23,VIX,12.77
2024-05-24,SPY,529.44
2024-05-24,VIX,11.93
2024-05-27,VIX,12.36
2024-05-28,SPY,529.81
2024-05-28,VIX,12.92
2024-05-29,SPY,526.1
2024-05-29,VIX,14.28
2024-05-30,SPY,522.61
2024-05-30,VIX,14.47
2024-05-31,SPY,527.37
2024-05-31,VIX,12.92
2024-06-03,SPY,527.8
2024-06-03,VIX,13.11
2024-06-04,SPY,528.39
2024-06-04,VIX,13.16
2024-06-05,SPY,534.67
2024-06-05,VIX,12.63
2024-06-06,SPY,534.66
2024-06-06,VIX,12.58
2024-06-07,SPY,534.01
2024-06-07,VIX,12.22
2024-06-10,SPY,535.66
2024-06-10,VIX,12.74
2024-06-11,SPY,536.95
2024-06-11,VIX,12.85
2024-06-12,SPY,541.36
2024-06-12,VIX,12.04
2024-06-13,SPY,542.45
2024-06-13,VIX,11.94
2024-06-14,SPY,542.78
2024-06-14,VIX,12.66
2024-06-17,SPY,547.1
2024-06-17,VIX,12.75
2024-06-18,SPY,548.49
2024-06-18,VIX,12.3
2024-06-19,VIX,12.48
2024-06-20,SPY,547.0
2024-06-20,VIX,13.28
2024-06-21,SPY,544.51
2024-06-21,VIX,13.2
2024-06-24,SPY,542.74
2024-06-24,VIX,13.33
2024-06-25,SPY,544.83
2024-06-25,VIX,12.84
2024-06-26,SPY,545.51
2024-06-26,VIX,12.55
2024-06-27,SPY,546.37
2024-06-27,VIX,12.24
2024-06-28,SPY,544.22
2024-06-28,VIX,12.44
2024-07-01,SPY,545.34
2024-07-01,VIX,12.22
2024-07-02,SPY,549.01
2024-07-02,VIX,12.03
2024-07-03,SPY,551.46
2024-07-03,VIX,12.09
2024-07-04,VIX,12.26
2024-07-05,SPY,554.64
2024-07-05,VIX,12.48
2024-07-08,SPY,555.28
2024-07-08,VIX,12.37
2024-07-09,SPY,555.82
2024-07-09,VIX,12.51
2024-07-10,SPY,561.32
2024-07-10,VIX,12.85
2024-07-11,SPY,556.48
2024-07-11,VIX,12.92
2024-07-12,SPY,559.99
2024-07-12,VIX,12.46
2024-07-15,SPY,561.53
2024-07-15,VIX,13.12
2024-07-16,SPY,564.86
2024-07-16,VIX,13.19
2024-07-17,SPY,556.94
2024-07-17,VIX,14.48
2024-07-18,SPY,552.66
2024-07-18,VIX,15.93
2024-07-19,SPY,548.99
2024-07-19,VIX,16.52
2024-07-22,SPY,554.65
2024-07-22,VIX,14.91
2024-07-23,SPY,553.78
2024-07-23,VIX,14.72
2024-07-24,SPY,541.23
2024-07-24,VIX,18.04
2024-07-25,SPY,538.41
2024-07-25,VIX,18.46
2024-07-26,SPY,544.44
2024-07-26,VIX,16.39
2024-07-29,SPY,544.76
2024-07-29,VIX,16.6
2024-07-30,SPY,542.0
2024-07-30,VIX,17.69
2024-07-31,SPY,550.81
2024-07-31,VIX,16.36
2024-08-01,SPY,543.01
2024-08-01,VIX,18.59
2024-08-02,SPY,532.9
2024-08-02,VIX,23.39
2024-08-05,SPY,517.38
2024-08-05,VIX,38.57
2024-08-06,SPY,522.15
2024-08-06,VIX,27.71
2024-08-07,SPY,518.66
2024-08-07,VIX,27.85
2024-08-08,SPY,530.65
2024-08-08,VIX,23.79
2024-08-09,SPY,532.99
2024-08-09,VIX,20.37
2024-08-12,SPY,533.27
2024-08-12,VIX,20.71
2024-08-13,SPY,542.04
2024-08-13,VIX,18.12
2024-08-14,SPY,543.75
2024-08-14,VIX,16.19
2024-08-15,SPY,553.07
2024-08-15,VIX,15.23
2024-08-16,SPY,554.31
2024-08-16,VIX,14.8
2024-08-19,SPY,559.61
2024-08-19,VIX,14.65
2024-08-20,SPY,558.7
2024-08-20,VIX,15.88
2024-08-21,SPY,560.62
2024-08-21,VIX,16.27
2024-08-22,SPY,556.22
2024-08-22,VIX,17.55
2024-08-23,SPY,562.13
2024-08-23,VIX,15.86
2024-08-26,SPY,560.79
2024-08-26,VIX,16.15
2024-08-27,SPY,561.56
2024-08-27,VIX,15.43
2024-08-28,SPY,558.3
2024-08-28,VIX,17.11
2024-08-29,SPY,558.35
2024-08-29,VIX,15.65
2024-08-30,SPY,563.68
2024-08-30,VIX,15.0
2024-09-02,VIX,15.55
2024-09-03,SPY,552.08
2024-09-03,VIX,20.72
2024-09-04,SPY,550.95
2024-09-04,VIX,21.32
2024-09-05,SPY,549.61
2024-09-05,VIX,19.9
2024-09-06,SPY,540.36
2024-09-06,VIX,22.38
2024-09-09,SPY,546.41
2024-09-09,VIX,19.45
2024-09-10,SPY,548.79
2024-09-10,VIX,19.08
2024-09-11,SPY,554.42
2024-09-11,VIX,17.69
2024-09-12,SPY,559.09
2024-09-12,VIX,17.07
2024-09-13,SPY,562.01
2024-09-13,VIX,16.56
2024-09-16,SPY,562.84
2024-09-16,VIX,17.14
2024-09-17,SPY,563.07
2024-09-17,VIX,17.61
2024-09-18,SPY,561.4
2024-09-18,VIX,18.23
2024-09-19,SPY,570.98
2024-09-19,VIX,16.33
2024-09-20,SPY,568.25
2024-09-20,VIX,16.15
2024-09-23,SPY,569.67
2024-09-23,VIX,15.89
2024-09-24,SPY,571.3
2024-09-24,VIX,15.39
2024-09-25,SPY,570.04
2024-09-25,VIX,15.41
2024-09-26,SPY,572.3
2024-09-26,VIX,15.37
2024-09-27,SPY,571.47
2024-09-27,VIX,16.96
2024-09-30,SPY,573.76
2024-09-30,VIX,16.73
2024-10-01,SPY,568.62
2024-10-01,VIX,19.26
2024-10-02,SPY,568.86
2024-10-02,VIX,18.9
2024-10-03,SPY,567.82
2024-10-03,VIX,20.49
2024-10-04,SPY,572.98
2024-10-04,VIX,19.21
2024-10-07,SPY,567.8
2024-10-07,VIX,22.64
2024-10-08,SPY,573.17
2024-10-08,VIX,21.42
2024-10-09,SPY,577.14
2024-10-09,VIX,20.86
2024-10-10,SPY,576.13
2024-10-10,VIX,20.93
2024-10-11,SPY,579.58
2024-10-11,VIX,20.46
2024-10-14,SPY,584.32
2024-10-14,VIX,19.7
2024-10-15,SPY,579.78
2024-10-15,VIX,20.64
2024-10-16,SPY,582.3
2024-10-16,VIX,19.58
2024-10-17,SPY,582.35
2024-10-17,VIX,19.11
2024-10-18,SPY,584.59
2024-10-18,VIX,18.03
2024-10-21,SPY,583.63
2024-10-21,VIX,18.37
2024-10-22,SPY,583.32
2024-10-22,VIX,18.2
2024-10-23,SPY,577.99
2024-10-23,VIX,19.24
2024-10-24,SPY,579.24
2024-10-24,VIX,19.08
2024-10-25,SPY,579.04
2024-10-25,VIX,20.33
2024-10-28,SPY,580.83
2024-10-28,VIX,19.8
2024-10-29,SPY,581.77
2024-10-29,VIX,19.34
2024-10-30,SPY,580.01
2024-10-30,VIX,20.35
2024-10-31,SPY,568.64
2024-10-31,VIX,23.16
2024-11-01,SPY,571.04
2024-11-01,VIX,21.88
2024-11-04,SPY,569.81
2024-11-04,VIX,21.98
2024-11-05,SPY,576.7
2024-11-05,VIX,20.49
2024-11-06,SPY,591.04
2024-11-06,VIX,16.27
2024-11-07,SPY,595.61
2024-11-07,VIX,15.2
2024-11-08,SPY,598.19
2024-11-08,VIX,14.94
2024-11-11,SPY,598.76
2024-11-11,VIX,14.97
2024-11-12,SPY,596.9
2024-11-12,VIX,14.71
2024-11-13,SPY,597.19
2024-11-13,VIX,14.02
2024-11-14,SPY,593.35
2024-11-14,VIX,14.31
2024-11-15,SPY,585.75
2024-11-15,VIX,16.14
2024-11-18,SPY,588.15
2024-11-18,VIX,15.58
2024-11-19,SPY,590.3
2024-11-19,VIX,16.35
2024-11-20,SPY,590.5
2024-11-20,VIX,17.16
2024-11-21,SPY,593.67
2024-11-21,VIX,16.87
2024-11-22,SPY,595.51
2024-11-22,VIX,15.24
2024-11-25,SPY,597.53
2024-11-25,VIX,14.6
2024-11-26,SPY,600.65
2024-11-26,VIX,14.1
2024-11-27,SPY,598.83
2024-11-27,VIX,14.1
2024-11-28,VIX,13.9
2024-11-29,SPY,602.55
2024-11-29,VIX,13.51
2024-12-02,SPY,603.63
2024-12-02,VIX,13.34
2024-12-03,SPY,603.91
2024-12-03,VIX,13.3
2024-12-04,SPY,607.66
2024-12-04,VIX,13.45
2024-12-05,SPY,606.66
2024-12-05,VIX,13.54
2024-12-06,SPY,607.81
2024-12-06,VIX,12.77
2024-12-09,SPY,604.68
2024-12-09,VIX,14.19
2024-12-10,SPY,602.8
2024-12-10,VIX,14.18
2024-12-11,SPY,607.46
2024-12-11,VIX,13.58
2024-12-12,SPY,604.33
2024-12-12,VIX,13.92
2024-12-13,SPY,604.21
2024-12-13,VIX,13.81
2024-12-16,SPY,606.79
2024-12-16,VIX,14.69
2024-12-17,SPY,604.29
2024-12-17,VIX,15.87
2024-12-18,SPY,586.28
2024-12-18,VIX,27.62
2024-12-19,SPY,586.1
2024-12-19,VIX,24.09
2024-12-20,SPY,591.15
2024-12-20,VIX,18.36
2024-12-23,SPY,594.69
2024-12-23,VIX,16.78
2024-12-24,SPY,601.3
2024-12-24,VIX,14.27
2024-12-26,SPY,601.34
2024-12-26,VIX,14.73
2024-12-27,SPY,595.01
2024-12-27,VIX,15.95
2024-12-30,SPY,588.22
2024-12-30,VIX,17.4
2024-12-31,SPY,586.08
2024-12-31,VIX,17.35
2025-01-02,SPY,584.64
2025-01-02,VIX,17.93
2025-01-03,SPY,591.95
2025-01-03,VIX,16.13
2025-01-06,SPY,595.36
2025-01-06,VIX,16.04
2025-01-07,SPY,588.63
2025-01-07,VIX,17.82
2025-01-08,SPY,589.49
2025-01-08,VIX,17.7
2025-01-09,VIX,18.07
2025-01-10,SPY,580.49
2025-01-10,VIX,19.54
2025-01-13,SPY,581.39
2025-01-13,VIX,19.19
2025-01-14,SPY,582.19
2025-01-14,VIX,18.71
2025-01-15,SPY,592.78
2025-01-15,VIX,16.12
2025-01-16,SPY,591.64
2025-01-16,VIX,16.6
2025-01-17,SPY,597.58
2025-01-17,VIX,15.97
2025-01-20,VIX,15.81
2025-01-21,SPY,603.05
2025-01-21,VIX,15.06
2025-01-22,SPY,606.44
2025-01-22,VIX,15.1
2025-01-23,SPY,609.75
2025-01-23,VIX,15.02
2025-01-24,SPY,607.97
2025-01-24,VIX,14.85
2025-01-27,SPY,599.37
2025-01-27,VIX,17.9
2025-01-28,SPY,604.52
2025-01-28,VIX,16.41
2025-01-29,SPY,601.81
2025-01-29,VIX,16.56
2025-01-30,SPY,605.04
2025-01-30,VIX,15.84
2025-01-31,SPY,601.82
2025-01-31,VIX,16.43
2025-02-03,SPY,597.77
2025-02-03,VIX,18.62
2025-02-04,SPY,601.78
2025-02-04,VIX,17.21
2025-02-05,SPY,604.22
2025-02-05,VIX,15.77
2025-02-06,SPY,606.32
2025-02-06,VIX,15.5
2025-02-07,SPY,600.77
2025-02-07,VIX,16.54
2025-02-10,SPY,604.85
2025-02-10,VIX,15.81
2025-02-11,SPY,605.31
2025-02-11,VIX,16.02
2025-02-12,SPY,603.36
2025-02-12,VIX,15.89
2025-02-13,SPY,609.73
2025-02-13,VIX,15.1
2025-02-14,SPY,609.7
2025-02-14,VIX,14.77
2025-02-17,VIX,15.37
2025-02-18,SPY,611.49
2025-02-18,VIX,15.35
2025-02-19,SPY,612.93
2025-02-19,VIX,15.27
2025-02-20,SPY,610.38
2025-02-20,VIX,15.66
2025-02-21,SPY,599.94
2025-02-21,VIX,18.21
2025-02-24,SPY,597.21
2025-02-24,VIX,18.98
2025-02-25,SPY,594.24
2025-02-25,VIX,19.43
2025-02-26,SPY,594.54
2025-02-26,VIX,19.1
2025-02-27,SPY,585.05
2025-02-27,VIX,21.13
2025-02-28,SPY,594.18
2025-02-28,VIX,19.63
2025-03-03,SPY,583.77
2025-03-03,VIX,22.78
2025-03-04,SPY,576.86
2025-03-04,VIX,23.51
2025-03-05,SPY,583.06
2025-03-05,VIX,21.93
2025-03-06,SPY,572.71
2025-03-06,VIX,24.87
2025-03-07,SPY,575.92
2025-03-07,VIX,23.37
2025-03-10,SPY,560.58
2025-03-10,VIX,27.86
2025-03-11,SPY,555.92
2025-03-11,VIX,26.92
2025-03-12,SPY,558.87
2025-03-12,VIX,24.23
2025-03-13,SPY,551.42
2025-03-13,VIX,24.66
2025-03-14,SPY,562.81
2025-03-14,VIX,21.77
2025-03-17,SPY,567.15
2025-03-17,VIX,20.51
2025-03-18,SPY,561.02
2025-03-18,VIX,21.7
2025-03-19,SPY,567.13
2025-03-19,VIX,19.9
2025-03-20,SPY,565.49
2025-03-20,VIX,19.8
2025-03-21,SPY,563.98
2025-03-21,VIX,19.28
2025-03-24,SPY,574.08
2025-03-24,VIX,17.48
2025-03-25,SPY,575.46
2025-03-25,VIX,17.15
2025-03-26,SPY,568.59
2025-03-26,VIX,18.33
2025-03-27,SPY,567.08
2025-03-27,VIX,18.69
2025-03-28,SPY,555.66
2025-03-28,VIX,21.65
2025-03-31,SPY,559.39
2025-03-31,VIX,22.28
2025-04-01,SPY,560.97
2025-04-01,VIX,21.77
2025-04-02,SPY,564.52
2025-04-02,VIX,21.51
2025-04-03,SPY,536.7
2025-04-03,VIX,30.02
2025-04-04,SPY,505.28
2025-04-04,VIX,45.31
2025-04-07,SPY,504.38
2025-04-07,VIX,46.98
2025-04-08,SPY,496.48
2025-04-08,VIX,52.33
2025-04-09,SPY,548.62
2025-04-09,VIX,33.62
2025-04-10,SPY,524.58
2025-04-10,VIX,40.72
2025-04-11,SPY,533.94
2025-04-11,VIX,37.56
2025-04-14,SPY,539.12
2025-04-14,VIX,30.89
2025-04-15,SPY,537.61
2025-04-15,VIX,30.12
2025-04-16,SPY,525.66
2025-04-16,VIX,32.64
2025-04-17,SPY,526.41
2025-04-17,VIX,29.65
2025-04-21,SPY,513.88
2025-04-21,VIX,33.82
2025-04-22,SPY,527.25
2025-04-22,VIX,30.57
2025-04-23,SPY,535.42
2025-04-23,VIX,28.45
2025-04-24,SPY,546.69
2025-04-24,VIX,26.47
2025-04-25,SPY,550.64
2025-04-25,VIX,24.84
2025-04-28,SPY,550.85
2025-04-28,VIX,25.15
2025-04-29,SPY,554.32
2025-04-29,VIX,24.17
2025-04-30,SPY,554.54
2025-04-30,VIX,24.7
2025-05-01,SPY,558.47
2025-05-01,VIX,24.6
2025-05-02,SPY,566.76
2025-05-02,VIX,22.68
2025-05-05,SPY,563.51
2025-05-05,VIX,23.64
2025-05-06,SPY,558.8
2025-05-06,VIX,24.76
2025-05-07,SPY,561.15
2025-05-07,VIX,23.55
2025-05-08,SPY,565.06
2025-05-08,VIX,22.48
2025-05-09,SPY,564.34
2025-05-09,VIX,21.9
2025-05-12,SPY,582.99
2025-05-12,VIX,18.39
2025-05-13,SPY,586.84
2025-05-13,VIX,18.22
2025-05-14,SPY,587.59
2025-05-14,VIX,18.62
2025-05-15,SPY,590.46
2025-05-15,VIX,17.83
2025-05-16,SPY,594.2
2025-05-16,VIX,17.24
2025-05-19,SPY,594.85
2025-05-19,VIX,18.14
2025-05-20,SPY,592.85
2025-05-20,VIX,18.09
2025-05-21,SPY,582.86
2025-05-21,VIX,20.87
2025-05-22,SPY,583.09
2025-05-22,VIX,20.28
2025-05-23,SPY,579.11
2025-05-23,VIX,22.29
2025-05-26,VIX,20.57
2025-05-27,SPY,591.15
2025-05-27,VIX,18.96
2025-05-28,SPY,587.73
2025-05-28,VIX,19.31
2025-05-29,SPY,590.05
2025-05-29,VIX,19.18
2025-05-30,SPY,589.39
2025-05-30,VIX,18.57
2025-06-02,SPY,592.71
2025-06-02,VIX,18.36
2025-06-03,SPY,596.09
2025-06-03,VIX,17.69
2025-06-04,SPY,595.93
2025-06-04,VIX,17.61
2025-06-05,SPY,593.05
2025-06-05,VIX,18.48
2025-06-06,SPY,599.14
2025-06-06,VIX,16.77
2025-06-09,SPY,599.68
2025-06-09,VIX,17.16
2025-06-10,SPY,603.08
2025-06-10,VIX,16.95
2025-06-11,SPY,601.36
2025-06-11,VIX,17.26
2025-06-12,SPY,603.75
2025-06-12,VIX,18.02
2025-06-13,SPY,597.0
2025-06-13,VIX,20.82
2025-06-16,SPY,602.68
2025-06-16,VIX,19.11
2025-06-17,SPY,597.53
2025-06-17,VIX,21.6
2025-06-18,SPY,597.44
2025-06-18,VIX,20.14
2025-06-19,VIX,22.17
2025-06-20,SPY,594.28
2025-06-20,VIX,20.62
2025-06-23,SPY,600.15
2025-06-23,VIX,19.83
2025-06-24,SPY,606.78
2025-06-24,VIX,17.48
2025-06-25,SPY,607.12
2025-06-25,VIX,16.76
2025-06-26,SPY,611.87
2025-06-26,VIX,16.59
2025-06-27,SPY,614.91
2025-06-27,VIX,16.32
2025-06-30,SPY,617.85
2025-06-30,VIX,16.73
2025-07-01,SPY,617.65
2025-07-01,VIX,16.83
2025-07-02,SPY,620.45
2025-07-02,VIX,16.64
2025-07-03,SPY,625.34
2025-07-03,VIX,16.38
2025-07-04,VIX,17.48
2025-07-07,SPY,620.68
2025-07-07,VIX,17.79
2025-07-08,SPY,620.34
2025-07-08,VIX,16.81
2025-07-09,SPY,624.06
2025-07-09,VIX,15.94
2025-07-10,SPY,625.82
2025-07-10,VIX,15.78
2025-07-11,SPY,623.62
2025-07-11,VIX,16.4
2025-07-14,SPY,624.81
2025-07-14,VIX,17.2
2025-07-15,SPY,622.14
2025-07-15,VIX,17.38
2025-07-16,SPY,624.22
2025-07-16,VIX,17.16
2025-07-17,SPY,628.04
2025-07-17,VIX,16.52
2025-07-18,SPY,627.58
2025-07-18,VIX,16.41
2025-07-21,SPY,628.77
2025-07-21,VIX,16.65
2025-07-22,SPY,628.86
2025-07-22,VIX,16.5
2025-07-23,SPY,634.21
2025-07-23,VIX,15.37
2025-07-24,SPY,634.42
2025-07-24,VIX,15.39
2025-07-25,SPY,637.1
2025-07-25,VIX,14.93
2025-07-28,SPY,636.94
2025-07-28,VIX,15.03
2025-07-29,SPY,635.26
2025-07-29,VIX,15.98
2025-07-30,SPY,634.46
2025-07-30,VIX,15.48
2025-07-31,SPY,632.08
2025-07-31,VIX,16.72
2025-08-01,SPY,621.72
2025-08-01,VIX,20.38
2025-08-04,SPY,631.17
2025-08-04,VIX,17.52
2025-08-05,SPY,627.97
2025-08-05,VIX,17.85
2025-08-06,SPY,632.78
2025-08-06,VIX,16.77
2025-08-07,SPY,632.25
2025-08-07,VIX,16.57
2025-08-08,SPY,637.18
2025-08-08,VIX,15.15
2025-08-11,SPY,635.92
2025-08-11,VIX,16.25
2025-08-12,SPY,642.69
2025-08-12,VIX,14.73
2025-08-13,SPY,644.89
2025-08-13,VIX,14.49
2025-08-14,SPY,644.95
2025-08-14,VIX,14.83
2025-08-15,SPY,643.44
2025-08-15,VIX,15.09
2025-08-18,SPY,643.3
2025-08-18,VIX,14.99
2025-08-19,SPY,639.81
2025-08-19,VIX,15.57
2025-08-20,SPY,638.11
2025-08-20,VIX,15.69
2025-08-21,SPY,635.55
2025-08-21,VIX,16.6
2025-08-22,SPY,645.31
2025-08-22,VIX,14.22
2025-08-25,SPY,642.47
2025-08-25,VIX,14.79
2025-08-26,SPY,645.16
2025-08-26,VIX,14.62
2025-08-27,SPY,646.63
2025-08-27,VIX,14.85
2025-08-28,SPY,648.92
2025-08-28,VIX,14.43
2025-08-29,SPY,645.05
2025-08-29,VIX,15.36
2025-09-01,VIX,16.12
2025-09-02,SPY,640.27
2025-09-02,VIX,17.17
2025-09-03,SPY,643.74
2025-09-03,VIX,16.35
2025-09-04,SPY,649.12
2025-09-04,VIX,15.3
2025-09-05,SPY,647.24
2025-09-05,VIX,15.18
2025-09-08,SPY,648.83
2025-09-08,VIX,15.11
2025-09-09,SPY,650.33
2025-09-09,VIX,15.04
2025-09-10,SPY,652.21
2025-09-10,VIX,15.35
2025-09-11,SPY,657.63
2025-09-11,VIX,14.71
2025-09-12,SPY,657.41
2025-09-12,VIX,14.76
2025-09-15,SPY,660.91
2025-09-15,VIX,15.69
2025-09-16,SPY,660.0
2025-09-16,VIX,16.36
2025-09-17,SPY,659.18
2025-09-17,VIX,15.72
2025-09-18,SPY,662.26
2025-09-18,VIX,15.7
2025-09-19,SPY,663.7
2025-09-19,VIX,15.45
2025-09-22,SPY,666.84
2025-09-22,VIX,16.1
2025-09-23,SPY,663.21
2025-09-23,VIX,16.64
2025-09-24,SPY,661.1
2025-09-24,VIX,16.18
2025-09-25,SPY,658.05
2025-09-25,VIX,16.74
2025-09-26,SPY,661.82
2025-09-26,VIX,15.29
2025-09-29,SPY,663.68
2025-09-29,VIX,16.12
2025-09-30,SPY,666.18
2025-09-30,VIX,16.28
2025-10-01,SPY,668.45
2025-10-01,VIX,16.29
2025-10-02,SPY,669.22
2025-10-02,VIX,16.63
2025-10-03,SPY,669.21
2025-10-03,VIX,16.65
2025-10-06,SPY,671.61
2025-10-06,VIX,16.37
2025-10-07,SPY,669.12
2025-10-07,VIX,17.24
2025-10-08,SPY,673.11
2025-10-08,VIX,16.3
2025-10-09,SPY,671.16
2025-10-09,VIX,16.43
2025-10-10,SPY,653.02
2025-10-10,VIX,21.66
2025-10-13,SPY,663.04
2025-10-13,VIX,19.03
2025-10-14,SPY,662.23
2025-10-14,VIX,20.81
2025-10-15,SPY,665.17
2025-10-15,VIX,20.64
2025-10-16,SPY,660.64
2025-10-16,VIX,25.31
2025-10-17,SPY,664.39
2025-10-17,VIX,20.78
2025-10-20,SPY,671.3
2025-10-20,VIX,18.23
2025-10-21,SPY,671.29
2025-10-21,VIX,17.87
2025-10-22,SPY,667.8
2025-10-22,VIX,18.6
2025-10-23,SPY,671.76
2025-10-23,VIX,17.3
2025-10-24,SPY,677.25
2025-10-24,VIX,16.37
2025-10-27,SPY,685.24
2025-10-27,VIX,15.79
2025-10-28,SPY,687.06
2025-10-28,VIX,16.42
2025-10-29,SPY,687.39
2025-10-29,VIX,16.92
2025-10-30,SPY,679.83
2025-10-30,VIX,16.91
2025-10-31,SPY,682.06
2025-10-31,VIX,17.44
2025-11-03,SPY,683.34
2025-11-03,VIX,17.17
2025-11-04,SPY,675.24
2025-11-04,VIX,19.0
2025-11-05,SPY,677.58
2025-11-05,VIX,18.01
2025-11-06,SPY,670.31
2025-11-06,VIX,19.5
2025-11-07,SPY,670.97
2025-11-07,VIX,19.08
2025-11-10,SPY,681.44
2025-11-10,VIX,17.6
2025-11-11,SPY,683.0
2025-11-11,VIX,17.28
2025-11-12,SPY,683.38
2025-11-12,VIX,17.51
2025-11-13,SPY,672.04
2025-11-13,VIX,20.0
2025-11-14,SPY,671.93
2025-11-14,VIX,19.83
2025-11-17,SPY,665.67
2025-11-17,VIX,22.38
2025-11-18,SPY,660.08
2025-11-18,VIX,24.69
2025-11-19,SPY,662.63
2025-11-19,VIX,23.66
2025-11-20,SPY,652.53
2025-11-20,VIX,26.42
2025-11-21,SPY,659.03
2025-11-21,VIX,23.43
2025-11-24,SPY,668.73
2025-11-24,VIX,20.52
2025-11-25,SPY,675.02
2025-11-25,VIX,18.56
2025-11-26,SPY,679.68
2025-11-26,VIX,17.19
2025-11-27,VIX,17.21
2025-11-28,SPY,683.39
2025-11-28,VIX,16.35
2025-12-01,SPY,680.27
2025-12-01,VIX,17.24
2025-12-02,SPY,681.53
2025-12-02,VIX,16.59
2025-12-03,SPY,683.89
2025-12-03,VIX,16.08
2025-12-04,SPY,684.39
2025-12-04,VIX,15.78
2025-12-05,SPY,685.69
2025-12-05,VIX,15.41
2025-12-08,SPY,683.63
2025-12-08,VIX,16.66
2025-12-09,SPY,683.04
2025-12-09,VIX,16.93
2025-12-10,SPY,687.57
2025-12-10,VIX,15.77
2025-12-11,SPY,689.17
2025-12-11,VIX,14.85
2025-12-12,SPY,681.76
2025-12-12,VIX,15.74
2025-12-15,SPY,680.73
2025-12-15,VIX,16.5
2025-12-16,SPY,678.87
2025-12-16,VIX,16.48
2025-12-17,SPY,671.4
2025-12-17,VIX,17.62
2025-12-18,SPY,676.47
2025-12-18,VIX,16.87
2025-12-19,SPY,680.59
2025-12-19,VIX,14.91
2025-12-22,SPY,684.83
2025-12-22,VIX,14.08
2025-12-23,SPY,687.96
2025-12-23,VIX,14.0
2025-12-24,SPY,690.38
2025-12-24,VIX,13.47
2025-12-26,SPY,690.31
2025-12-26,VIX,13.6
2025-12-29,SPY,687.85
2025-12-29,VIX,14.2
2025-12-30,SPY,687.01
2025-12-30,VIX,14.33
2025-12-31,SPY,681.92
2025-12-31,VIX,14.95
2026-01-02,SPY,683.17
2026-01-02,VIX,14.51
2026-01-05,SPY,687.72
2026-01-05,VIX,14.9
2026-01-06,SPY,691.81
2026-01-06,VIX,14.75
2026-01-07,SPY,689.58
2026-01-07,VIX,15.38
2026-01-08,SPY,689.51
2026-01-08,VIX,15.45
2026-01-09,SPY,694.07
2026-01-09,VIX,14.49
2026-01-12,SPY,695.16
2026-01-12,VIX,15.12
2026-01-13,SPY,693.77
2026-01-13,VIX,15.98
2026-01-14,SPY,690.36
2026-01-14,VIX,16.75
2026-01-15,SPY,692.24
2026-01-15,VIX,15.84
2026-01-16,SPY,691.66
2026-01-16,VIX,15.86
2026-01-19,VIX,18.84
2026-01-20,SPY,677.58
2026-01-20,VIX,20.09
2026-01-21,SPY,685.4
2026-01-21,VIX,16.9
2026-01-22,SPY,688.98
2026-01-22,VIX,15.64
2026-01-23,SPY,689.23
2026-01-23,VIX,16.09
2026-01-26,SPY,692.73
2026-01-26,VIX,16.15
2026-01-27,SPY,695.49
2026-01-27,VIX,16.35
2026-01-28,SPY,695.42
2026-01-28,VIX,16.35
2026-01-29,SPY,687.9050293
2026-01-29,VIX,18.58
